<?xml version="1.0" encoding="UTF-8"?>
<td_map>
	<origin>
		<x>0</x>
		<y>0</y>
	</origin>
	<theme>0</theme>
	<body>
		<tile_range>
			<start_x>-4</start_x>
			<end_x>4</end_x>
			<start_y>4</start_y>
			<end_y>1</end_y>
			<type>0</type>
		</tile_range>
		<objective>
			<x>-4</x>
			<y>0</y>
		</objective>
		<tile_range>
			<start_x>-3</start_x>
			<end_x>3</end_x>
			<start_y>0</start_y>
			<end_y>0</end_y>
			<type>0</type>
		</tile_range>
		<spawner>
			<x>4</x>
			<y>0</y>
		</spawner>
		<tile_range>
			<start_x>-4</start_x>
			<end_x>4</end_x>
			<start_y>-1</start_y>
			<end_y>-4</end_y>
			<type>0</type>
		</tile_range>
		<tile>
			<x>0</x>
			<y>6</y>
			<type>0</type>
		</tile>
	</body>
</td_map>