<?xml version="1.0" encoding="UTF-8"?>
<td_map>
	<origin>
		<x>24</x>
		<y>-35</y>
	</origin>
	<theme>0</theme>
	<body>
		<!--Mid path-->
        <tile_range>
			<start_x>8</start_x>
			<end_x>12</end_x>
			<start_y>-3</start_y>
			<end_y>-4</end_y>
			<type>0</type>
        </tile_range>
        <tile>
            <x>8</x>
            <y>-5</y>
            <type>0</type>
        </tile>
        <tile>
            <x>10</x>
            <y>-5</y>
            <type>0</type>
        </tile>
        <tile>
            <x>12</x>
            <y>-5</y>
            <type>0</type>
        </tile>
        <tile_range>
			<start_x>8</start_x>
			<end_x>12</end_x>
			<start_y>-6</start_y>
			<end_y>-15</end_y>
			<type>0</type>
        </tile_range>
        <tile_range>
			<start_x>13</start_x>
			<end_x>26</end_x>
			<start_y>-11</start_y>
			<end_y>-15</end_y>
			<type>0</type>
        </tile_range>
        <tile_range>
			<start_x>22</start_x>
			<end_x>26</end_x>
			<start_y>-16</start_y>
			<end_y>-17</end_y>
			<type>0</type>
        </tile_range>
        <tile_range>
			<start_x>21</start_x>
			<end_x>27</end_x>
			<start_y>-18</start_y>
			<end_y>-19</end_y>
			<type>0</type>
        </tile_range>
        <tile_range>
			<start_x>21</start_x>
			<end_x>22</end_x>
			<start_y>-20</start_y>
			<end_y>-24</end_y>
			<type>0</type>
        </tile_range>
        <tile_range>
			<start_x>26</start_x>
			<end_x>27</end_x>
			<start_y>-20</start_y>
			<end_y>-24</end_y>
			<type>0</type>
        </tile_range>
        <tile_range>
			<start_x>23</start_x>
			<end_x>25</end_x>
			<start_y>-23</start_y>
			<end_y>-32</end_y>
			<type>0</type>
        </tile_range>
		<!--/Mid Path-->
		<!--Mid Island-->
        <tile_range>
			<start_x>23</start_x>
			<end_x>25</end_x>
			<start_y>-20</start_y>
			<end_y>-20</end_y>
			<type>1</type>
        </tile_range>
		<tile>
			<x>23</x>
			<y>-21</y>
			<type>1</type>
		</tile>
		<tile>
			<x>25</x>
			<y>-21</y>
			<type>1</type>
		</tile>
		<tile>
			<x>24</x>
			<y>-21</y>
			<type>3</type>
		</tile>
        <tile_range>
			<start_x>23</start_x>
			<end_x>25</end_x>
			<start_y>-22</start_y>
			<end_y>-22</end_y>
			<type>1</type>
        </tile_range>
		<!--/Mid Island-->
		<!--Objective-->
        <tile_range>
			<start_x>23</start_x>
			<end_x>23</end_x>
			<start_y>-33</start_y>
			<end_y>-34</end_y>
			<type>0</type>
        </tile_range>
        <tile_range>
			<start_x>25</start_x>
			<end_x>25</end_x>
			<start_y>-33</start_y>
			<end_y>-34</end_y>
			<type>0</type>
        </tile_range>
        <tile_range>
			<start_x>24</start_x>
			<end_x>24</end_x>
			<start_y>-34</start_y>
			<end_y>-35</end_y>
			<type>0</type>
        </tile_range>
		<!--/Objective-->
		<!--Left Path-->
        <tile_range>
			<start_x>3</start_x>
			<end_x>5</end_x>
			<start_y>-19</start_y>
			<end_y>-19</end_y>
			<type>0</type>
        </tile_range>
        <tile>
            <x>3</x>
            <y>-20</y>
            <type>0</type>
        </tile>
        <tile>
            <x>5</x>
            <y>-20</y>
            <type>0</type>
        </tile>
        <tile_range>
			<start_x>3</start_x>
			<end_x>5</end_x>
			<start_y>-21</start_y>
			<end_y>-31</end_y>
			<type>0</type>
        </tile_range>
        <tile_range>
			<start_x>6</start_x>
			<end_x>11</end_x>
			<start_y>-29</start_y>
			<end_y>-31</end_y>
			<type>0</type>
        </tile_range>
        <tile_range>
			<start_x>9</start_x>
			<end_x>11</end_x>
			<start_y>-19</start_y>
			<end_y>-28</end_y>
			<type>0</type>
        </tile_range>
        <tile_range>
			<start_x>12</start_x>
			<end_x>17</end_x>
			<start_y>-19</start_y>
			<end_y>-21</end_y>
			<type>0</type>
        </tile_range>
        <tile_range>
			<start_x>15</start_x>
			<end_x>17</end_x>
			<start_y>-22</start_y>
			<end_y>-31</end_y>
			<type>0</type>
        </tile_range>
        <tile_range>
			<start_x>18</start_x>
			<end_x>22</end_x>
			<start_y>-29</start_y>
			<end_y>-31</end_y>
			<type>0</type>
        </tile_range>
		<!--/Left Path-->
		<!--Right Path-->
        <tile_range>
			<start_x>42</start_x>
			<end_x>42</end_x>
			<start_y>-8</start_y>
			<end_y>-10</end_y>
			<type>0</type>
        </tile_range>
        <tile>
            <x>41</x>
            <y>-8</y>
            <type>0</type>
        </tile>
        <tile>
            <x>41</x>
            <y>-10</y>
            <type>0</type>
        </tile>
        <tile_range>
			<start_x>31</start_x>
			<end_x>40</end_x>
			<start_y>-8</start_y>
			<end_y>-10</end_y>
			<type>0</type>
        </tile_range>
        <tile_range>
			<start_x>31</start_x>
			<end_x>33</end_x>
			<start_y>-8</start_y>
			<end_y>-31</end_y>
			<type>0</type>
        </tile_range>
        <tile_range>
			<start_x>26</start_x>
			<end_x>30</end_x>
			<start_y>-29</start_y>
			<end_y>-31</end_y>
			<type>0</type>
        </tile_range>
		<!--/Right Path-->
		<!--Mid-Right Rotate-->
        <tile_range>
			<start_x>27</start_x>
			<end_x>30</end_x>
			<start_y>-11</start_y>
			<end_y>-11</end_y>
			<type>0</type>
        </tile_range>
		<!--/Mid Right Rotate-->
		<!--Left Mid Rotate-->
        <tile_range>
			<start_x>19</start_x>
			<end_x>19</end_x>
			<start_y>-16</start_y>
			<end_y>-19</end_y>
			<type>0</type>
        </tile_range>
		<tile>
			<x>18</x>
			<y>-19</y>
			<type>0</type>
		</tile>
		<!--Left Mid Rotate-->
		<!--North Wall-->
		<tile_range>
			<start_x>13</start_x>
			<end_x>30</end_x>
			<start_y>-8</start_y>
			<end_y>-10</end_y>
			<type>2</type>
		</tile_range>
		<tile_range>
			<start_x>23</start_x>
			<end_x>38</end_x>
			<start_y>-7</start_y>
			<end_y>-7</end_y>
			<type>2</type>
		</tile_range>
		<!--/North Wall-->
		<!--Mid Right Wall-->
		<tile_range>
			<start_x>27</start_x>
			<end_x>30</end_x>
			<start_y>-12</start_y>
			<end_y>-17</end_y>
			<type>2</type>
		</tile_range>
		<tile_range>
			<start_x>26</start_x>
			<end_x>27</end_x>
			<start_y>-25</start_y>
			<end_y>-28</end_y>
			<type>2</type>
		</tile_range>
		<tile_range>
			<start_x>28</start_x>
			<end_x>30</end_x>
			<start_y>-18</start_y>
			<end_y>-28</end_y>
			<type>2</type>
		</tile_range>
		<!--/Mid Right Wall-->
		<!--Right Wall-->
		<tile_range>
			<start_x>34</start_x>
			<end_x>37</end_x>
			<start_y>-11</start_y>
			<end_y>-12</end_y>
			<type>2</type>
		</tile_range>
		<tile_range>
			<start_x>34</start_x>
			<end_x>36</end_x>
			<start_y>-13</start_y>
			<end_y>-33</end_y>
			<type>2</type>
		</tile_range>
		<tile_range>
			<start_x>28</start_x>
			<end_x>33</end_x>
			<start_y>-32</start_y>
			<end_y>-33</end_y>
			<type>2</type>
		</tile_range>
		<tile_range>
			<start_x>26</start_x>
			<end_x>27</end_x>
			<start_y>-32</start_y>
			<end_y>-36</end_y>
			<type>2</type>
		</tile_range>
		<tile_range>
			<start_x>25</start_x>
			<end_x>25</end_x>
			<start_y>-35</start_y>
			<end_y>-36</end_y>
			<type>2</type>
		</tile_range>
		<!--/Right Wall-->
		<!--Mid Left Wall-->
		<tile_range>
			<start_x>7</start_x>
			<end_x>7</end_x>
			<start_y>-8</start_y>
			<end_y>-17</end_y>
			<type>2</type>
		</tile_range>
		<tile_range>
			<start_x>6</start_x>
			<end_x>6</end_x>
			<start_y>-11</start_y>
			<end_y>-16</end_y>
			<type>2</type>
		</tile_range>
		<tile_range>
			<start_x>20</start_x>
			<end_x>21</end_x>
			<start_y>-16</start_y>
			<end_y>-17</end_y>
			<type>2</type>
		</tile_range>
		<tile_range>
			<start_x>20</start_x>
			<end_x>20</end_x>
			<start_y>-18</start_y>
			<end_y>-19</end_y>
			<type>2</type>
		</tile_range>
		<tile_range>
			<start_x>18</start_x>
			<end_x>20</end_x>
			<start_y>-20</start_y>
			<end_y>-28</end_y>
			<type>2</type>
		</tile_range>
		<tile_range>
			<start_x>21</start_x>
			<end_x>22</end_x>
			<start_y>-25</start_y>
			<end_y>-28</end_y>
			<type>2</type>
		</tile_range>
		<tile_range>
			<start_x>8</start_x>
			<end_x>18</end_x>
			<start_y>-16</start_y>
			<end_y>-18</end_y>
			<type>2</type>
		</tile_range>
		<!--/Mid Left Wall-->
		<!--Mid Mid Wall-->
		<tile_range>
			<start_x>6</start_x>
			<end_x>8</end_x>
			<start_y>-24</start_y>
			<end_y>-28</end_y>
			<type>2</type>
		</tile_range>
		<tile_range>
			<start_x>7</start_x>
			<end_x>8</end_x>
			<start_y>-22</start_y>
			<end_y>-23</end_y>
			<type>2</type>
		</tile_range>
		<tile>
			<x>8</x>
			<y>-21</y>
			<type>2</type>
		</tile>
		<!--/Mid Mid Wall-->
		<!--South Wall-->
		<tile_range>
			<start_x>12</start_x>
			<end_x>14</end_x>
			<start_y>-22</start_y>
			<end_y>-31</end_y>
			<type>2</type>
		</tile_range>
		<tile_range>
			<start_x>6</start_x>
			<end_x>22</end_x>
			<start_y>-32</start_y>
			<end_y>-33</end_y>
			<type>2</type>
		</tile_range>
		<tile_range>
			<start_x>21</start_x>
			<end_x>22</end_x>
			<start_y>-34</start_y>
			<end_y>-36</end_y>
			<type>2</type>
		</tile_range>
		<tile_range>
			<start_x>23</start_x>
			<end_x>23</end_x>
			<start_y>-35</start_y>
			<end_y>-36</end_y>
			<type>2</type>
		</tile_range>
		<tile>
			<x>24</x>
			<y>-36</y>
			<type>2</type>
		</tile>
		<!--/South Wall-->
		<!--North Padding-->
		<tile_range>
			<start_x>5</start_x>
			<end_x>5</end_x>
			<start_y>-2</start_y>
			<end_y>-6</end_y>
			<type>1</type>
		</tile_range>
		<tile_range>
			<start_x>6</start_x>
			<end_x>7</end_x>
			<start_y>-1</start_y>
			<end_y>-7</end_y>
			<type>1</type>
		</tile_range>
		<tile_range>
			<start_x>7</start_x>
			<end_x>13</end_x>
			<start_y>0</start_y>
			<end_y>0</end_y>
			<type>1</type>
		</tile_range>
		<tile_range>
			<start_x>8</start_x>
			<end_x>14</end_x>
			<start_y>-1</start_y>
			<end_y>-2</end_y>
			<type>1</type>
		</tile_range>
		<tile_range>
			<start_x>13</start_x>
			<end_x>15</end_x>
			<start_y>-3</start_y>
			<end_y>-7</end_y>
			<type>1</type>
		</tile_range>
		<tile>
			<x>15</x>
			<y>-2</y>
			<type>1</type>
		</tile>
		<tile>
			<x>16</x>
			<y>-5</y>
			<type>1</type>
		</tile>
		<tile_range>
			<start_x>16</start_x>
			<end_x>20</end_x>
			<start_y>-6</start_y>
			<end_y>-7</end_y>
			<type>1</type>
		</tile_range>
		<tile_range>
			<start_x>21</start_x>
			<end_x>22</end_x>
			<start_y>-5</start_y>
			<end_y>-7</end_y>
			<type>1</type>
		</tile_range>
		<tile_range>
			<start_x>23</start_x>
			<end_x>44</end_x>
			<start_y>-5</start_y>
			<end_y>-6</end_y>
			<type>1</type>
		</tile_range>
		<tile_range>
			<start_x>38</start_x>
			<end_x>42</end_x>
			<start_y>-4</start_y>
			<end_y>-4</end_y>
			<type>1</type>
		</tile_range>
		<tile_range>
			<start_x>39</start_x>
			<end_x>45</end_x>
			<start_y>-7</start_y>
			<end_y>-7</end_y>
			<type>1</type>
		</tile_range>
		<tile_range>
			<start_x>43</start_x>
			<end_x>45</end_x>
			<start_y>-8</start_y>
			<end_y>-9</end_y>
			<type>1</type>
		</tile_range>
		<tile_range>
			<start_x>43</start_x>
			<end_x>44</end_x>
			<start_y>-10</start_y>
			<end_y>-10</end_y>
			<type>1</type>
		</tile_range>
		<tile_range>
			<start_x>38</start_x>
			<end_x>43</end_x>
			<start_y>-11</start_y>
			<end_y>-12</end_y>
			<type>1</type>
		</tile_range>
		<tile_range>
			<start_x>38</start_x>
			<end_x>42</end_x>
			<start_y>-4</start_y>
			<end_y>-4</end_y>
			<type>1</type>
		</tile_range>
		<tile>
			<x>44</x>
			<y>-11</y>
			<type>1</type>
		</tile>
		<!--/North Padding-->
		<!--East Padding-->
		<tile_range>
			<start_x>37</start_x>
			<end_x>39</end_x>
			<start_y>-13</start_y>
			<end_y>-13</end_y>
			<type>1</type>
		</tile_range>
		<tile_range>
			<start_x>37</start_x>
			<end_x>37</end_x>
			<start_y>-14</start_y>
			<end_y>-34</end_y>
			<type>1</type>
		</tile_range>
		<tile_range>
			<start_x>38</start_x>
			<end_x>38</end_x>
			<start_y>-21</start_y>
			<end_y>-32</end_y>
			<type>1</type>
		</tile_range>
		<!--/East padding-->
		<!--South Padding-->
		<tile_range>
			<start_x>28</start_x>
			<end_x>36</end_x>
			<start_y>-34</start_y>
			<end_y>-35</end_y>
			<type>1</type>
		</tile_range>
		<tile_range>
			<start_x>28</start_x>
			<end_x>32</end_x>
			<start_y>-36</start_y>
			<end_y>-36</end_y>
			<type>1</type>
		</tile_range>
		<tile_range>
			<start_x>19</start_x>
			<end_x>29</end_x>
			<start_y>-37</start_y>
			<end_y>-37</end_y>
			<type>1</type>
		</tile_range>
		<tile_range>
			<start_x>15</start_x>
			<end_x>20</end_x>
			<start_y>-34</start_y>
			<end_y>-36</end_y>
			<type>1</type>
		</tile_range>
		<tile_range>
			<start_x>9</start_x>
			<end_x>14</end_x>
			<start_y>-34</start_y>
			<end_y>-35</end_y>
			<type>1</type>
		</tile_range>
		<tile_range>
			<start_x>5</start_x>
			<end_x>8</end_x>
			<start_y>-34</start_y>
			<end_y>-34</end_y>
			<type>1</type>
		</tile_range>
		<tile_range>
			<start_x>3</start_x>
			<end_x>5</end_x>
			<start_y>-32</start_y>
			<end_y>-33</end_y>
			<type>1</type>
		</tile_range>
		<!--/South Padding-->
		<!--West Padding-->
		<tile_range>
			<start_x>2</start_x>
			<end_x>2</end_x>
			<start_y>-16</start_y>
			<end_y>-32</end_y>
			<type>1</type>
		</tile_range>
		<tile_range>
			<start_x>1</start_x>
			<end_x>1</end_x>
			<start_y>-17</start_y>
			<end_y>-31</end_y>
			<type>1</type>
		</tile_range>
		<tile_range>
			<start_x>0</start_x>
			<end_x>0</end_x>
			<start_y>-19</start_y>
			<end_y>-25</end_y>
			<type>1</type>
		</tile_range>
		<tile_range>
			<start_x>6</start_x>
			<end_x>6</end_x>
			<start_y>-17</start_y>
			<end_y>-23</end_y>
			<type>1</type>
		</tile_range>
		<tile_range>
			<start_x>7</start_x>
			<end_x>7</end_x>
			<start_y>-18</start_y>
			<end_y>-21</end_y>
			<type>1</type>
		</tile_range>
		<tile_range>
			<start_x>8</start_x>
			<end_x>8</end_x>
			<start_y>-19</start_y>
			<end_y>-20</end_y>
			<type>1</type>
		</tile_range>
		<tile_range>
			<start_x>3</start_x>
			<end_x>5</end_x>
			<start_y>-15</start_y>
			<end_y>-18</end_y>
			<type>1</type>
		</tile_range>
		<tile_range>
			<start_x>4</start_x>
			<end_x>5</end_x>
			<start_y>-13</start_y>
			<end_y>-14</end_y>
			<type>1</type>
		</tile_range>
		<tile_range>
			<start_x>5</start_x>
			<end_x>5</end_x>
			<start_y>-10</start_y>
			<end_y>-12</end_y>
			<type>1</type>
		</tile_range>
		<tile_range>
			<start_x>6</start_x>
			<end_x>6</end_x>
			<start_y>-8</start_y>
			<end_y>-10</end_y>
			<type>1</type>
		</tile_range>
		<!--/West Padding-->
        <objective>
            <x>24</x>
            <y>-33</y>
        </objective>
        <spawner>
            <x>11</x>
            <y>-5</y>
			<path>
				<node order="1">
					<x>11</x>
					<y>-11</y>
				</node>
				<node order="2">
					<x>12</x>
					<y>-12</y>
				</node>
				<node order="3">
					<x>24</x>
					<y>-12</y>
				</node>
				<node order="4">
					<x>25</x>
					<y>-13</y>
				</node>
				<node order="5">
					<x>25</x>
					<y>-18</y>
				</node>
				<node order="6">
					<x>26</x>
					<y>-19</y>
				</node>
				<node order="7">
					<x>26</x>
					<y>-23</y>
				</node>
				<node order="8">
					<x>24</x>
					<y>-25</y>
				</node>
				<node order="9">
					<x>24</x>
					<y>-33</y>
				</node>
			</path>
        </spawner>
        <spawner>
            <x>9</x>
            <y>-5</y>
			<path>
				<node order="1">
					<x>9</x>
					<y>-13</y>
				</node>
				<node order="2">
					<x>10</x>
					<y>-14</y>
				</node>
				<node order="3">
					<x>22</x>
					<y>-14</y>
				</node>
				<node order="4">
					<x>23</x>
					<y>-15</y>
				</node>
				<node order="5">
					<x>23</x>
					<y>-18</y>
				</node>
				<node order="6">
					<x>22</x>
					<y>-19</y>
				</node>
				<node order="7">
					<x>22</x>
					<y>-23</y>
				</node>
				<node order="8">
					<x>24</x>
					<y>-25</y>
				</node>
				<node order="9">
					<x>24</x>
					<y>-33</y>
				</node>
			</path>
        </spawner>
        <spawner>
            <x>4</x>
            <y>-20</y>
			<path>
				<node order="1">
					<x>4</x>
					<y>-29</y>
				</node>
				<node order="2">
					<x>5</x>
					<y>-30</y>
				</node>
				<node order="3">
					<x>9</x>
					<y>-30</y>
				</node>
				<node order="4">
					<x>10</x>
					<y>-29</y>
				</node>
				<node order="5">
					<x>10</x>
					<y>-21</y>
				</node>
				<node order="6">
					<x>11</x>
					<y>-20</y>
				</node>
				<node order="7">
					<x>15</x>
					<y>-20</y>
				</node>
				<node order="8">
					<x>16</x>
					<y>-21</y>
				</node>
				<node order="9">
					<x>16</x>
					<y>-29</y>
				</node>
				<node order="10">
					<x>17</x>
					<y>-30</y>
				</node>
				<node order="11">
					<x>23</x>
					<y>-30</y>
				</node>
				<node order="12">
					<x>24</x>
					<y>-31</y>
				</node>
				<node order="13">
					<x>24</x>
					<y>-33</y>
				</node>
			</path>
        </spawner>
        <spawner>
            <x>41</x>
            <y>-9</y>
			<path>
				<node order="1">
					<x>33</x>
					<y>-9</y>
				</node>
				<node order="2">
					<x>32</x>
					<y>-10</y>
				</node>
				<node order="3">
					<x>32</x>
					<y>-29</y>
				</node>
				<node order="4">
					<x>31</x>
					<y>-30</y>
				</node>
				<node order="5">
					<x>25</x>
					<y>-30</y>
				</node>
				<node order="6">
					<x>24</x>
					<y>-31</y>
				</node>
				<node order="7">
					<x>24</x>
					<y>-33</y>
				</node>
			</path>
        </spawner>
	</body>
</td_map>